Descrição,Preço
"Apple iPhone 8, 64GB, Space Gray - Fully Unlocked (Renewed)",R$178.50
"Apple iPhone 7, 32GB, Black - Fully Unlocked (Renewed)",R$145.00
"Apple iPhone XS, 64GB, Space Gray - Fully Unlocked (Renewed)",R$405.00
"Apple iPhone X, 64GB, Silver - Fully Unlocked (Renewed)",R$299.00
"Apple iPhone SE, 64GB, Black - Fully Unlocked (Renewed Premium)",R$384.70
Apple iPhone 8 a1905 64GB LTE GSM Unlocked (Renewed),R$179.00
"Apple iPhone 8, 64GB, Silver - Fully Unlocked (Renewed)",R$184.99
"Apple iPhone 11 Pro Max (256GB, Midnight Green) - for Verizon (Renewed)",R$889.95
"Apple iPhone XS Max, 64GB, Gold - For Verizon (Renewed)",R$529.95
"Apple iPhone 7, 32GB, Black - For GSM (Renewed)",R$143.55
"Apple iPhone 8 Plus, 64GB, Gold - For AT&T / T-Mobile (Renewed)",R$289.00
"Apple iPhone 7 Plus, 128GB, Rose Gold - For GSM (Renewed)",R$230.95
Tracfone Apple iPhone 7 4G LTE Prepaid Smartphone - 32GB - Black - Carrier Locked,R$198.99
"Wireless Earbuds, Bluetooth 5.0 Earbuds Touch Control in-Ear True Wireless Headphones, 24H Charging Case, Hi-Fi Stereo Earbuds with Built-in Mic for iPhone/Android/Airpods/Apple Ear Buds (White)",R$29.99
Fast Phone Charger Cable 16FT/5M Cell Phone Charging Cord Extra Long Nylon Braided Data Sync Cable Metal Connector Blue USB Cable Powerline for Phone XR/X/8/8 Plus/7/7 Plus/6/6s/Plus/SE Pad,R$13.99
Wireless Earbuds Bluetooth 5.0 Headphones [25Hrs Charging Case]  Built-in Mic Intelligent Noise Reduction HD Stereo in-Ear Earphones for iPhone/Samsung/Android/Apple AirPods pro,R$33.98
"Bluetooth 5.2 Wireless Earbuds,Built-in Mic in-Ear HD Stereo Earbuds IPX7 Waterproof Sports Earbud [LED Display Charging Case],Auto Pairing for Earphones Apple Airpods iPhone/Android (White)",R$29.99
